,IP adress,Port,Wordpress Version,Website,DT,Time
0,188.121.41.140,"['200', '8955']",WordPress/3.0.2;,http://www.cakefantasia.com,23/Sep/2013,13:02:47
1,81.169.144.135,"['200', '8955']",WordPress/3.6.1;,http://aifs2.pvdveen.net,23/Sep/2013,13:02:47
2,91.184.18.50,"['200', '8955']",WordPress/3.5.1;,http://sociedia.com,23/Sep/2013,13:02:47
3,184.154.224.17,"['200', '8955']",WordPress/3.6;,http://photekusa.com,23/Sep/2013,13:02:47
4,209.15.245.58,"['200', '8955']",WordPress/3.5.2;,http://enabledkids.ca,23/Sep/2013,13:02:47
5,66.96.183.15,"['200', '8955']",WordPress/3.6;,http://guyana-tourism.com/blog,23/Sep/2013,13:02:47
6,70.32.98.112,"['200', '8955']",WordPress/3.6.1;,http://demo.gavick.com/wordpress/fest,23/Sep/2013,13:02:47
7,208.117.12.162,"['200', '8955']",WordPress/2.9.2;,http://www.caudillsprouting.com/Latest-News,23/Sep/2013,13:02:47
8,184.168.193.106,"['200', '8955']",WordPress/3.5.2;,http://prestogolf.ca/wordpress,23/Sep/2013,13:02:47
9,76.163.252.93,"['200', '8955']",WordPress/3.5.2;,http://thevoterupdate.com/jones,23/Sep/2013,13:02:47
10,67.192.46.11,"['200', '8955']",WordPress/3.5;,http://analytics-lab.tessella.com,23/Sep/2013,13:02:48
11,216.201.128.7,"['200', '8955']",WordPress/3.5;,http://www.theleadernews.com,23/Sep/2013,13:02:48
12,173.201.183.168,"['200', '8955']",WordPress/3.5.2;,http://clonador.net/blog,23/Sep/2013,13:02:48
13,209.235.204.197,"['200', '8955']",WordPress/3.5.1;,http://www.imsglobal.org/blog,23/Sep/2013,13:02:48
14,50.97.97.131,"['200', '8955']",WordPress/3.6.1;,http://awaminationalparty.org/main,23/Sep/2013,13:02:48
15,31.22.4.57,"['200', '8955']",WordPress/3.5.2;,http://harvestmoonparadise.com/wp2,23/Sep/2013,13:02:48
16,64.111.126.29,"['200', '8955']",WordPress/3.6.1;,http://3aocubo.net,23/Sep/2013,13:02:48
17,67.43.13.244,"['200', '8955']",WordPress/3.6;,http://blog.aristadba.com,23/Sep/2013,13:02:48
18,108.175.6.57,"['200', '8955']",WordPress/3.5.1;,http://spcitytimes.com,23/Sep/2013,13:02:49
19,50.56.33.56,"['200', '8955']",WordPress/3.5.2;,http://50.56.33.56/blog,23/Sep/2013,13:02:49
20,192.185.4.20,"['200', '8955']",WordPress/3.4.2;,http://www.dhbrownsports.com,23/Sep/2013,13:02:49
21,65.98.110.82,"['200', '8955']",WordPress/3.1.3;,http://davasobel.com/blog,23/Sep/2013,13:02:50
22,74.52.155.18,"['200', '8955']",WordPress/3.5.2;,http://mixedmoods.co.uk,23/Sep/2013,13:02:49
23,64.90.55.213,"['200', '8955']",WordPress/3.5.1;,http://www.steppir.com,23/Sep/2013,13:02:50
24,66.33.212.115,"['200', '8955']",WordPress/3.5.1;,http://www.dsafire.net,23/Sep/2013,13:02:50
25,97.74.24.44,"['200', '8955']",WordPress/3.0;,http://www.anarchylane.com/ass/skat,23/Sep/2013,13:02:50
26,108.59.11.107,"['200', '8955']",WordPress/3.5.1;,http://pixelsea.biz,23/Sep/2013,13:02:50
27,50.116.58.175,"['200', '8955']",WordPress/3.5.1;,http://readydock.net,23/Sep/2013,13:02:50
28,97.74.144.179,"['200', '8955']",WordPress/3.0;,http://kentscountrycookies.com/blog,23/Sep/2013,13:02:50
29,80.82.113.174,"['200', '8955']",WordPress/3.0;,http://www.davidcoxon.com/run,23/Sep/2013,13:02:50
30,74.126.5.225,"['200', '8955']",WordPress/2.9.2;,http://www.amray.com/blog,23/Sep/2013,13:02:51
31,66.185.31.230,"['200', '8955']",WordPress/3.3;,http://berkeleyreporter.com,23/Sep/2013,13:02:51
32,89.151.72.46,"['200', '8955']",WordPress/3.3.2;,http://www.bohomoth.com,23/Sep/2013,13:02:51
33,216.15.166.170,"['200', '8955']",WordPress/3.3.2;,http://evisthrive.com/blog,23/Sep/2013,13:02:51
34,72.167.131.144,"['503', '913']",WordPress/3.6;,http://sidelinemp.com/wordpress,23/Sep/2013,13:03:01
35,184.168.152.137,"['200', '8955']",WordPress/3.5.1;,http://paulinafilm.com/newsevents,23/Sep/2013,13:02:51
36,66.175.213.226,"['200', '8955']",WordPress/3.5;,http://www.sportimeny.com/blog,23/Sep/2013,13:02:51
37,184.168.193.61,"['503', '913']",WordPress/3.5.1;,http://metroshorespropertymanagement.com,23/Sep/2013,13:03:02
38,81.169.144.135,"['503', '913']",WordPress/3.6.1;,http://aifs2.pvdveen.net,23/Sep/2013,13:03:02
39,129.121.178.238,"['503', '913']",WordPress/3.5.1;,http://www.bearandbuffalo.com,23/Sep/2013,13:03:02
40,128.140.217.249,"['503', '913']",WordPress/3.5.1;,http://www.brainrack.nl,23/Sep/2013,13:03:03
41,128.140.217.249,"['503', '913']",WordPress/3.5.1;,http://www.brainrack.nl,23/Sep/2013,13:03:03
42,66.155.8.148,"['503', '913']",WordPress/3.7-alpha-25157;,http://undergradatrady.wordpress.com,23/Sep/2013,13:03:02
43,130.39.20.44,"['503', '913']",WordPress/3.6.1;,http://hill.blogs.lib.lsu.edu,23/Sep/2013,13:03:03
44,50.87.144.176,"['503', '913']",WordPress/3.0.1;,http://www.iheartwellness.com,23/Sep/2013,13:03:02
45,193.202.110.182,"['503', '913']",WordPress/3.6.1;,http://salaanmedia.com,23/Sep/2013,13:03:03
46,50.56.33.56,"['503', '913']",WordPress/3.5.2;,http://50.56.33.56/blog,23/Sep/2013,13:03:03
47,50.56.33.56,"['503', '913']",WordPress/3.5.2;,http://50.56.33.56/blog,23/Sep/2013,13:03:03
48,37.139.18.243,"['200', '8955']",WordPress/3.6.1;,http://ryanteck.org.uk,23/Sep/2013,13:02:51
49,74.207.251.137,"['503', '913']",WordPress/3.5.2;,http://vedahille.com,23/Sep/2013,13:03:03
50,50.63.196.71,"['503', '913']",WordPress/3.5.1;,http://caitlinburke.siuc.me,23/Sep/2013,13:03:03
51,184.168.27.206,"['503', '913']",WordPress/3.5.1;,http://alsogo.com,23/Sep/2013,13:03:02
52,184.168.192.14,"['503', '913']",WordPress/3.5.1;,http://kolemusician.com/blog,23/Sep/2013,13:03:03
53,163.1.78.39,"['503', '913']",WordPress/3.5;,http://www.culturesofknowledge.org,23/Sep/2013,13:03:03
54,66.155.8.235,"['503', '913']",WordPress/3.7-alpha-25157;,http://iosinsanity.wordpress.com,23/Sep/2013,13:03:03
55,130.185.84.2,"['200', '8955']",WordPress/3.2.1;,http://www.gerirepoupar.com/jovens,23/Sep/2013,13:02:51
56,50.56.33.56,"['503', '913']",WordPress/3.5.2;,http://50.56.33.56/blog,23/Sep/2013,13:03:03
57,94.136.40.100,"['503', '913']",WordPress/3.5.1;,http://www.disordermagazine.com,23/Sep/2013,13:03:03
58,107.21.101.48,"['503', '913']",WordPress/3.5.1;,http://lmonson.com/blog,23/Sep/2013,13:03:03
59,67.210.98.240,"['503', '913']",WordPress/3.6.1;,http://www.easytolovebut.com,23/Sep/2013,13:03:03
60,184.168.193.176,"['200', '8955']",WordPress/3.6;,http://kitfrazier.com/wordpress,23/Sep/2013,13:02:52
61,66.33.212.115,"['503', '913']",WordPress/3.5.1;,http://www.dsafire.net,23/Sep/2013,13:03:03
62,184.168.193.137,"['503', '913']",WordPress/3.6.1;,http://bellevuesitedesign.com,23/Sep/2013,13:03:04
63,69.167.181.227,"['503', '913']",WordPress/3.6.1;,http://www.jphoffmanlaw.com,23/Sep/2013,13:03:03
64,67.192.4.115,"['503', '913']",WordPress/3.5.1;,http://blogs.agu.org/georneys,23/Sep/2013,13:03:04
65,193.202.110.182,"['503', '913']",WordPress/3.6.1;,http://salaanmedia.com,23/Sep/2013,13:03:04
66,130.39.20.44,"['503', '913']",WordPress/3.6.1;,http://hill.blogs.lib.lsu.edu,23/Sep/2013,13:03:04
67,50.28.77.10,"['503', '913']",WordPress/3.5.2;,http://secretwalls.com.au/blog,23/Sep/2013,13:03:04
68,41.204.202.51,"['503', '913']",WordPress/3.4.2;,http://www.stevebekker.co.za,23/Sep/2013,13:03:04
69,72.172.136.206,"['503', '913']",WordPress/3.0.1;,http://www.hazardfactory.org,23/Sep/2013,13:03:04
70,213.251.189.209,"['503', '913']",WordPress/3.4.2;,http://www.science-humour.fr,23/Sep/2013,13:03:04
71,205.251.135.202,"['503', '913']",WordPress/3.5.2;,http://www.wizdommusic.com/news,23/Sep/2013,13:03:04
72,69.10.135.179,"['503', '913']",WordPress/3.5.1;,http://calkosher.com,23/Sep/2013,13:03:04
73,146.186.149.140,"['503', '913']",WordPress/3.6.1;,http://sites.psu.edu/librarynews,23/Sep/2013,13:03:04
74,77.75.252.233,"['503', '913']",WordPress/3.5.1;,http://blog.metaclassofnil.com,23/Sep/2013,13:03:04
75,184.168.152.177,"['503', '913']",WordPress/3.5.1;,http://aboutcolonblank.com,23/Sep/2013,13:03:04
76,208.97.177.197,"['503', '913']",-,,23/Sep/2013,13:03:04
77,94.136.40.100,"['503', '913']",WordPress/3.3.1;,http://www.chrisspivey.co.uk,23/Sep/2013,13:03:04
78,66.155.8.249,"['503', '913']",WordPress/3.7-alpha-25157;,http://badpandarecords.wordpress.com,23/Sep/2013,13:03:04
79,81.19.187.39,"['503', '913']",WordPress/3.5.2;,http://danhamilton.co.uk/blog,23/Sep/2013,13:03:04
80,92.61.33.82,"['503', '913']",WordPress/3.4.1;,http://colemont.lt,23/Sep/2013,13:03:04
81,46.163.113.172,"['503', '913']",WordPress/3.2.1;,http://philipp.knechtges.com,23/Sep/2013,13:03:04
82,50.87.144.19,"['503', '913']",WordPress/3.1.4;,http://moviecultists.com,23/Sep/2013,13:03:04
83,108.59.250.36,"['503', '913']",WordPress/3.5.1;,http://wpdemo.themnific.com/pre/12,23/Sep/2013,13:03:04
84,66.96.183.86,"['503', '913']",WordPress/3.6.1;,http://www.foamcasualty.com,23/Sep/2013,13:03:04
85,203.194.220.56,"['503', '913']",WordPress/3.4.2;,http://www.bruce-humes.com,23/Sep/2013,13:03:04
86,50.63.196.71,"['503', '913']",WordPress/3.5.1;,http://caitlinburke.siuc.me,23/Sep/2013,13:03:05
87,50.87.144.19,"['503', '913']",WordPress/3.1.4;,http://moviecultists.com,23/Sep/2013,13:03:05
88,64.90.52.159,"['503', '913']",WordPress/3.6.1;,http://carolsnotebook.com,23/Sep/2013,13:03:05
89,82.71.31.78,"['503', '913']",WordPress/3.6.1;,http://www.linuxhome.co.uk,23/Sep/2013,13:03:05
90,82.165.139.53,"['503', '913']",WordPress/3.5.1;,http://chakra-project.es,23/Sep/2013,13:03:05
91,74.54.18.226,"['200', '8955']",WordPress/3.5.2;,http://digitalliteracynh.org,23/Sep/2013,13:02:52
92,69.16.199.12,"['503', '913']",WordPress/3.5.2;,http://www.newbedfordguide.com,23/Sep/2013,13:03:04
93,128.39.102.143,"['503', '913']",WordPress/3.5.1;,http://www.rocketrange.no/40am,23/Sep/2013,13:03:05
94,208.109.181.178,"['503', '913']",WordPress/3.5.1;,http://ktrskateboardschool.com/Blog,23/Sep/2013,13:03:05
95,184.168.152.164,"['503', '913']",WordPress/3.2.1;,http://williamsonhospitality.com/blog,23/Sep/2013,13:03:05
96,89.151.72.46,"['503', '913']",WordPress/3.3.2;,http://www.bohomoth.com,23/Sep/2013,13:03:05
97,69.163.221.105,"['503', '913']",WordPress/3.6.1;,http://www.thenerdsignal.net,23/Sep/2013,13:03:04
98,66.96.183.86,"['503', '913']",WordPress/3.6.1;,http://www.foamcasualty.com,23/Sep/2013,13:03:05
99,50.23.23.2,"['503', '913']",WordPress/3.6.1;,http://thisainthell.us/blog,23/Sep/2013,13:03:05
100,96.126.114.56,"['503', '913']",WordPress/3.2.1;,http://www.mantisbt.org/blog,23/Sep/2013,13:03:05
101,128.122.157.182,"['503', '913']",WordPress/3.2.1;,http://itp.nyu.edu/~amb943/wordpress,23/Sep/2013,13:03:05
102,108.60.199.190,"['503', '913']",WordPress/3.4.2;,http://blog.themprinter.com,23/Sep/2013,13:03:05
103,82.165.139.53,"['503', '913']",WordPress/3.5.1;,http://chakra-project.es,23/Sep/2013,13:03:05
104,208.109.181.70,"['200', '8955']",WordPress/3.3.2;,http://www.pearlatcommerce.com,23/Sep/2013,13:02:52
105,67.192.153.92,"['503', '913']",WordPress/3.6.1;,http://views.ticas.org,23/Sep/2013,13:03:04
106,173.254.28.88,"['503', '913']",WordPress/3.5.1;,http://theoccupiedtimes.org,23/Sep/2013,13:03:05
107,50.87.144.43,"['503', '913']",WordPress/3.6;,http://sound-savvy.com,23/Sep/2013,13:03:05
108,50.22.104.181,"['503', '913']",WordPress/3.6.1;,http://www.healthintersections.com.au,23/Sep/2013,13:03:05
109,173.201.216.43,"['503', '913']",WordPress/3.5.2;,http://radiodanan.net,23/Sep/2013,13:03:05
110,184.173.73.183,"['503', '913']",WordPress/3.5.1;,http://rotoprofessor.com/football,23/Sep/2013,13:03:05
111,213.251.189.209,"['503', '913']",WordPress/3.4.2;,http://www.science-humour.fr,23/Sep/2013,13:03:05
112,66.155.9.41,"['503', '913']",WordPress/3.7-alpha-25157;,http://casalemedia.wordpress.com,23/Sep/2013,13:03:05
113,82.165.139.53,"['503', '913']",WordPress/3.5.1;,http://chakra-project.es,23/Sep/2013,13:03:05
114,94.136.40.100,"['503', '913']",WordPress/3.5.1;,http://www.disordermagazine.com,23/Sep/2013,13:03:05
115,184.168.152.79,"['503', '913']",WordPress/3.1.4;,http://27blueballoons.com,23/Sep/2013,13:03:05
116,74.208.180.165,"['503', '913']",WordPress/3.5.2;,http://gbenudu.com,23/Sep/2013,13:03:05
117,66.33.212.106,"['503', '913']",WordPress/2.9.2;,http://www.firepitminyan.com,23/Sep/2013,13:03:06
118,195.20.225.12,"['503', '913']",WordPress/3.5.1;,http://kimberleybartholomew.com/wordpress,23/Sep/2013,13:03:05
119,46.235.47.132,"['503', '913']",WordPress/3.6.1;,http://deniska.nl,23/Sep/2013,13:03:05
120,64.90.55.37,"['503', '913']",WordPress/3.6.1;,http://www.vegas24seven.com,23/Sep/2013,13:03:05
121,209.17.114.78,"['200', '8955']",WordPress/3.6;,http://www.gregorypark.org,23/Sep/2013,13:02:52
122,208.97.133.16,"['503', '913']",WordPress/3.5.1;,http://3cmusic.com/home,23/Sep/2013,13:03:05
123,64.6.225.7,"['503', '913']",WordPress/3.6;,http://www.gloveandboots.com,23/Sep/2013,13:03:06
124,94.231.101.88,"['503', '913']",WordPress/3.6.1;,http://blog.mariadenmark.com,23/Sep/2013,13:03:06
125,128.237.157.57,"['503', '913']",WordPress/3.1.3;,http://www.contrib.andrew.cmu.edu/~ryanod,23/Sep/2013,13:03:05
126,193.202.110.182,"['503', '913']",WordPress/3.6.1;,http://salaanmedia.com,23/Sep/2013,13:03:06
127,66.249.24.247,"['503', '913']",WordPress/3.0.1;,http://www.womensrightswithoutfrontiers.org/blog,23/Sep/2013,13:03:06
128,76.163.252.93,"['503', '913']",WordPress/3.5.2;,http://thevoterupdate.com/jones,23/Sep/2013,13:03:06
129,81.19.187.39,"['503', '913']",WordPress/3.5.2;,http://danhamilton.co.uk/blog,23/Sep/2013,13:03:06
130,97.74.24.35,"['503', '913']",WordPress/3.5.2;,http://blog.dougdvorak.com,23/Sep/2013,13:03:06
131,141.222.1.142,"['503', '913']",WordPress/3.4.2;,http://lib.skidmore.edu/digitalcollnews,23/Sep/2013,13:03:06
132,50.87.144.49,"['503', '913']",WordPress/3.6;,http://youcantbehelped.com,23/Sep/2013,13:03:05
133,66.155.8.59,"['503', '913']",WordPress/3.7-alpha-25157;,http://engageinnovate.wordpress.com,23/Sep/2013,13:03:05
134,188.121.41.178,"['503', '913']",WordPress/3.6;,http://www.ishabaydhaba.com,23/Sep/2013,13:03:05
135,108.59.11.107,"['503', '913']",WordPress/3.5.1;,http://pixelsea.biz,23/Sep/2013,13:03:05
136,66.155.8.98,"['503', '913']",WordPress/3.7-alpha-25157;,http://enndeakin.wordpress.com,23/Sep/2013,13:03:05
137,66.96.183.1,"['503', '913']",WordPress/3.2.1;,http://www.therealnewyorkers.com,23/Sep/2013,13:03:06
138,184.168.152.164,"['503', '913']",WordPress/3.2.1;,http://williamsonhospitality.com/blog,23/Sep/2013,13:03:05
139,208.113.181.215,"['503', '913']",WordPress/3.5.1;,http://offthekuff.com/wp,23/Sep/2013,13:03:06
140,178.63.14.147,"['503', '913']",WordPress/3.6.1;,http://www.brancaleoni.com/blog,23/Sep/2013,13:03:06
141,208.109.181.178,"['503', '913']",WordPress/3.5.1;,http://ktrskateboardschool.com/Blog,23/Sep/2013,13:03:06
142,128.100.176.230,"['503', '913']",WordPress/3.5.1;,http://askastudent.utoronto.ca,23/Sep/2013,13:03:06
143,203.170.85.168,"['503', '913']",WordPress/3.6.1;,http://blog.jamzarwebdesign.com.au,23/Sep/2013,13:03:06
144,184.168.46.105,"['503', '913']",WordPress/3.6.1;,http://thecontrariancorner.com,23/Sep/2013,13:03:06
145,97.74.24.215,"['200', '8955']",WordPress/3.6.1;,http://undead-earth.com/wordpress,23/Sep/2013,13:02:52
146,208.113.161.206,"['503', '913']",WordPress/3.6.1;,http://www.theyankeeandthemet.com,23/Sep/2013,13:03:06
147,128.100.176.230,"['503', '913']",WordPress/3.5.1;,http://askastudent.utoronto.ca,23/Sep/2013,13:03:06
148,66.147.244.96,"['503', '913']",WordPress/3.6.1;,http://www.amiraclebox.com/miracle,23/Sep/2013,13:03:06
149,85.17.150.103,"['503', '913']",WordPress/3.5.1;,http://www.lessfs.com/wordpress,23/Sep/2013,13:03:06
150,81.95.6.55,"['503', '913']",WordPress/3.0.4;,http://daemonkeeper.net,23/Sep/2013,13:03:06
151,184.106.10.128,"['503', '913']",WordPress/3.4.1;,http://www.jeffreyhollender.com,23/Sep/2013,13:03:07
152,74.220.215.243,"['503', '913']",WordPress/3.6;,http://www.k9ventures.com,23/Sep/2013,13:03:06
153,66.228.46.254,"['503', '913']",WordPress/3.6.1;,http://slinkingtowardretirement.com,23/Sep/2013,13:03:07
154,66.96.183.8,"['503', '913']",WordPress/3.6.1;,http://appletvblog.ru,23/Sep/2013,13:03:06
155,184.168.152.79,"['503', '913']",WordPress/3.1.4;,http://27blueballoons.com,23/Sep/2013,13:03:06
156,69.89.31.131,"['503', '913']",WordPress/3.6.1;,http://www.pkeu.net/blog,23/Sep/2013,13:03:06
157,66.147.242.154,"['503', '913']",WordPress/2.9.1;,http://www.reifflawoffice.com/business-planning-blog,23/Sep/2013,13:03:06
158,195.74.38.68,"['503', '913']",WordPress/3.2.1;,http://jon-olsson.com,23/Sep/2013,13:03:06
159,81.19.187.39,"['503', '913']",WordPress/3.5.2;,http://danhamilton.co.uk/blog,23/Sep/2013,13:03:06
160,69.195.124.71,"['503', '913']",WordPress/3.5.2;,http://www.newdadtimes.com,23/Sep/2013,13:03:06
161,217.69.89.175,"['503', '913']",WordPress/3.2.1;,http://blogs.fsfe.org/greve,23/Sep/2013,13:03:05
162,66.248.200.164,"['503', '913']",WordPress/3.6;,http://cockroachalley.com,23/Sep/2013,13:03:06
163,66.147.244.162,"['503', '913']",WordPress/3.4.1;,http://www.lawrenceperson.com,23/Sep/2013,13:03:06
164,188.121.41.140,"['503', '913']",WordPress/3.0.2;,http://www.cakefantasia.com,23/Sep/2013,13:03:06
165,130.127.235.169,"['503', '913']",-,,23/Sep/2013,13:03:06
166,62.149.130.54,"['503', '913']",WordPress/3.5.1;,http://www.madonninacalcio.it,23/Sep/2013,13:03:07
167,184.106.10.128,"['503', '913']",WordPress/3.4.1;,http://www.jeffreyhollender.com,23/Sep/2013,13:03:07
168,66.147.244.242,"['503', '913']",WordPress/3.5.1;,http://www.savenyclibraries.com,23/Sep/2013,13:03:06
169,64.111.127.183,"['503', '913']",WordPress/3.6.1;,http://www.mightylittlelibrarian.com,23/Sep/2013,13:03:07
170,205.251.135.202,"['503', '913']",WordPress/3.5.2;,http://www.wizdommusic.com/news,23/Sep/2013,13:03:06
171,65.254.224.35,"['503', '913']",WordPress/3.5.1;,http://www.abbeville.com/blog,23/Sep/2013,13:03:07
172,70.32.98.112,"['503', '913']",WordPress/3.6.1;,http://demo.gavick.com/wordpress/fest,23/Sep/2013,13:03:07
173,213.251.189.209,"['503', '913']",WordPress/3.4.2;,http://www.science-humour.fr,23/Sep/2013,13:03:07
174,193.202.110.182,"['503', '913']",WordPress/3.6.1;,http://salaanmedia.com,23/Sep/2013,13:03:07
175,176.32.230.9,"['503', '913']",WordPress/3.2.1;,http://www.storagebod.com/wordpress,23/Sep/2013,13:03:07
176,109.104.94.183,"['503', '913']",WordPress/3.6;,http://quantumtrading.com,23/Sep/2013,13:03:07
177,66.96.183.1,"['503', '913']",WordPress/3.2.1;,http://www.therealnewyorkers.com,23/Sep/2013,13:03:07
178,195.74.38.68,"['503', '913']",WordPress/3.2.1;,http://jon-olsson.com,23/Sep/2013,13:03:07
179,173.254.28.45,"['503', '913']",WordPress/3.1;,http://brewvana.net,23/Sep/2013,13:03:07
180,66.96.183.2,"['503', '913']",WordPress/3.5.2;,http://www.isledejeancharles.com/news,23/Sep/2013,13:03:07
181,91.184.18.50,"['503', '913']",WordPress/3.5.1;,http://sociedia.com,23/Sep/2013,13:03:07
182,50.87.122.237,"['503', '913']",WordPress/3.6.1;,http://extranosalley.com,23/Sep/2013,13:03:07
183,74.220.207.118,"['503', '913']",WordPress/3.3.1;,http://dreamerkid.com,23/Sep/2013,13:03:07
184,129.121.178.221,"['503', '913']",WordPress/3.5.1;,http://www.benzilla.com,23/Sep/2013,13:03:07
185,69.195.124.71,"['503', '913']",WordPress/3.5.2;,http://www.newdadtimes.com,23/Sep/2013,13:03:07
186,69.163.231.72,"['503', '913']",WordPress/3.5.1;,http://securityandthe.net,23/Sep/2013,13:03:07
187,66.155.8.213,"['503', '913']",WordPress/3.7-alpha-25157;,http://usresponserestoration.wordpress.com,23/Sep/2013,13:03:07
188,85.17.150.103,"['503', '913']",WordPress/3.5.1;,http://www.lessfs.com/wordpress,23/Sep/2013,13:03:07
189,94.136.40.100,"['503', '913']",WordPress/3.6.1;,http://www.afrobyte.co.uk,23/Sep/2013,13:03:06
190,64.191.50.218,"['503', '913']",WordPress/3.6.1;,http://www.cocorioko.net,23/Sep/2013,13:03:07
191,66.96.183.15,"['503', '913']",WordPress/3.6;,http://guyana-tourism.com/blog,23/Sep/2013,13:03:07
192,194.63.248.80,"['503', '913']",WordPress/3.5.1;,http://olavz.com,23/Sep/2013,13:03:07
193,64.90.52.169,"['503', '913']",WordPress/3.6.1;,http://www.millerandmike.com,23/Sep/2013,13:03:07
194,69.61.45.228,"['503', '913']",WordPress/3.6;,http://dont-tread-on.me,23/Sep/2013,13:03:07
195,94.136.40.100,"['503', '913']",WordPress/3.6.1;,http://www.afrobyte.co.uk,23/Sep/2013,13:03:07
196,108.168.242.146,"['503', '913']",WordPress/3.6.1;,http://picklemethis.com,23/Sep/2013,13:03:07
197,188.121.41.140,"['503', '913']",WordPress/3.5.1;,http://wordpress.enbc.eu,23/Sep/2013,13:03:07
198,64.111.126.29,"['503', '913']",WordPress/3.6.1;,http://3aocubo.net,23/Sep/2013,13:03:07
199,74.54.18.226,"['503', '913']",WordPress/3.5.2;,http://digitalliteracynh.org,23/Sep/2013,13:03:07
200,91.184.18.50,"['503', '913']",WordPress/3.5.1;,http://sociedia.com,23/Sep/2013,13:03:07
201,173.201.216.43,"['503', '913']",WordPress/3.5.2;,http://radiodanan.net,23/Sep/2013,13:03:07
202,166.78.238.142,"['503', '913']",WordPress/3.5.1;,http://thesource.com,23/Sep/2013,13:03:07
203,198.154.214.100,"['503', '913']",WordPress/3.6;,http://www.mrstyleking.com,23/Sep/2013,13:03:07
204,66.96.183.2,"['503', '913']",WordPress/3.5.2;,http://www.isledejeancharles.com/news,23/Sep/2013,13:03:07
205,208.113.197.82,"['503', '913']",WordPress/3.5.1;,http://www.theidleloaf.com,23/Sep/2013,13:03:07
206,208.97.177.197,"['503', '913']",-,,23/Sep/2013,13:03:07
207,88.191.122.7,"['503', '913']",WordPress/3.5.2;,http://blog.securactive.net,23/Sep/2013,13:03:07
208,184.173.73.183,"['503', '913']",WordPress/3.5.1;,http://rotoprofessor.com/football,23/Sep/2013,13:03:07
209,82.165.139.53,"['503', '913']",WordPress/3.5.1;,http://chakra-project.es,23/Sep/2013,13:03:07
210,46.163.113.172,"['503', '913']",WordPress/3.2.1;,http://philipp.knechtges.com,23/Sep/2013,13:03:07
211,67.205.2.110,"['503', '913']",WordPress/3.6.1;,http://onlineclassestips.com,23/Sep/2013,13:03:06
212,76.74.255.29,"['503', '913']",WordPress/3.7-alpha-25157;,http://cshbenchmarks.wordpress.com,23/Sep/2013,13:03:07
213,81.95.6.55,"['503', '913']",WordPress/3.0.4;,http://daemonkeeper.net,23/Sep/2013,13:03:07
214,66.96.183.2,"['503', '913']",WordPress/3.5.2;,http://www.isledejeancharles.com/news,23/Sep/2013,13:03:07
215,74.220.215.108,"['503', '913']",WordPress/3.5.1;,http://gnarlycarleigh.com,23/Sep/2013,13:03:08
216,69.65.40.165,"['503', '913']",WordPress/3.6.1;,http://www.strokersdallas.com,23/Sep/2013,13:03:07
217,94.136.40.100,"['503', '913']",WordPress/3.6.1;,http://www.afrobyte.co.uk,23/Sep/2013,13:03:08
218,64.111.127.183,"['503', '913']",WordPress/3.6.1;,http://www.somvinil.com.br,23/Sep/2013,13:03:08
219,184.173.147.234,"['503', '913']",WordPress/3.6.1;,http://carmenbranje.com/wordpress,23/Sep/2013,13:03:08
220,66.135.60.79,"['503', '913']",WordPress/3.4.1;,http://mrduncan.global2.vic.edu.au,23/Sep/2013,13:03:07
221,216.177.0.76,"['503', '913']",WordPress/3.5.1;,http://www.ataturk.org,23/Sep/2013,13:03:08
222,50.63.197.121,"['503', '913']",WordPress/3.6.1;,http://thewatchtowerfiles.com,23/Sep/2013,13:03:08
223,212.204.60.10,"['503', '913']",WordPress/3.5.1;,http://progsch.net/wordpress,23/Sep/2013,13:03:08
224,46.17.1.38,"['503', '913']",WordPress/3.6;,http://blog.goerp.nl,23/Sep/2013,13:03:07
225,184.168.193.213,"['503', '913']",WordPress/3.6;,http://sanchphoto.com,23/Sep/2013,13:03:08
226,50.87.122.237,"['503', '913']",WordPress/3.6.1;,http://extranosalley.com,23/Sep/2013,13:03:08
227,141.0.23.203,"['503', '913']",WordPress/3.6.1;,http://www.matrix44.net/blog,23/Sep/2013,13:03:08
228,67.192.46.10,"['503', '913']",WordPress/3.5.2;,http://www.theradrecruiter.com,23/Sep/2013,13:03:08
229,129.121.176.250,"['503', '913']",WordPress/8400;,http://www.joisaysblog.com,23/Sep/2013,13:03:08
230,66.96.183.86,"['503', '913']",WordPress/3.6.1;,http://www.foamcasualty.com,23/Sep/2013,13:03:08
231,208.65.200.160,"['503', '913']",WordPress/3.6;,http://lifeneedsedits.com,23/Sep/2013,13:03:08
232,74.220.215.244,"['503', '913']",WordPress/3.6.1;,http://themes.wpbox.net/bolid,23/Sep/2013,13:03:08
233,172.245.57.140,"['503', '913']",WordPress/3.6;,http://blog.cowger.us,23/Sep/2013,13:03:08
234,184.173.73.183,"['503', '913']",WordPress/3.5.1;,http://rotoprofessor.com/football,23/Sep/2013,13:03:08
235,80.82.122.95,"['503', '913']",WordPress/3.5.1;,http://blog.ultraasp.net,23/Sep/2013,13:03:07
236,72.167.232.158,"['503', '913']",WordPress/3.2.1;,http://disabilityandabuse.org/wordpress,23/Sep/2013,13:03:08
237,208.113.180.207,"['503', '913']",WordPress/3.5;,http://www.petersenhotels.com,23/Sep/2013,13:03:08
238,81.19.187.39,"['503', '913']",WordPress/3.5.2;,http://danhamilton.co.uk/blog,23/Sep/2013,13:03:08
239,37.17.224.6,"['503', '913']",WordPress/3.6.1;,http://shutter-project.org,23/Sep/2013,13:03:08
240,209.68.2.63,"['503', '913']",WordPress/3.6;,http://www.achievemagazine.com,23/Sep/2013,13:03:08
241,184.168.152.79,"['503', '913']",WordPress/3.1.4;,http://27blueballoons.com,23/Sep/2013,13:03:08
242,66.155.8.131,"['503', '913']",WordPress/3.7-alpha-25157;,http://whatsonmypc.wordpress.com,23/Sep/2013,13:03:08
243,50.63.197.93,"['503', '913']",WordPress/3.4.2;,http://loganearthskiskateboards.com,23/Sep/2013,13:03:08
244,50.16.180.177,"['503', '913']",WordPress/3.5.1;,http://www.democrasoft.com,23/Sep/2013,13:03:08
245,208.43.41.146,"['503', '913']",WordPress/3.6.1;,http://blog.pressbooks.com,23/Sep/2013,13:03:08
246,64.90.54.177,"['503', '913']",WordPress/3.6.1;,http://blog.transparencypolicy.net,23/Sep/2013,13:03:08
247,68.178.254.22,"['503', '913']",WordPress/3.6;,http://www.everythingdrift.com/blog,23/Sep/2013,13:03:08
248,208.113.153.235,"['503', '913']",WordPress/3.6.1;,http://gamerabaenre.com,23/Sep/2013,13:03:08
249,173.255.224.233,"['503', '913']",WordPress/3.6;,http://hfunderground.com/blog,23/Sep/2013,13:03:08
250,62.149.141.82,"['503', '913']",WordPress/3.5.1;,http://www.nicassio.it/daniele/blog,23/Sep/2013,13:03:08
251,66.155.9.34,"['503', '913']",WordPress/3.7-alpha-25157;,http://pitacodogringo.wordpress.com,23/Sep/2013,13:03:08
252,173.254.28.88,"['503', '913']",WordPress/3.5.1;,http://theoccupiedtimes.org,23/Sep/2013,13:03:08
253,68.144.181.61,"['503', '913']",WordPress/3.6.1;,http://www.dalescott.net/wordpress,23/Sep/2013,13:03:08
254,128.140.217.249,"['503', '913']",WordPress/3.5.1;,http://www.brainrack.nl,23/Sep/2013,13:03:08
255,130.127.235.169,"['503', '913']",-,,23/Sep/2013,13:03:08
256,64.90.55.37,"['503', '913']",WordPress/3.6.1;,http://www.247-las-vegas.com,23/Sep/2013,13:03:08
257,128.59.171.39,"['503', '913']",WordPress/3.4.1;,http://www.sailpandora.com,23/Sep/2013,13:03:08
258,50.116.2.40,"['503', '913']",WordPress/3.5.1;,http://whoisowenjones.com/blog,23/Sep/2013,13:03:08
259,66.33.212.132,"['503', '913']",WordPress/3.6.1;,http://www.settimes.ca,23/Sep/2013,13:03:08
260,82.192.92.5,"['503', '913']",WordPress/3.4.2;,http://beer.suregork.com,23/Sep/2013,13:03:08
261,66.147.244.154,"['503', '913']",WordPress/3.3.2;,http://www.humanitywinsilluminatilose.com,23/Sep/2013,13:03:08
262,79.170.44.137,"['503', '913']",WordPress/3.5.1;,http://www.ebritic.com,23/Sep/2013,13:03:08
263,173.199.147.84,"['503', '913']",WordPress/3.4.1;,http://localpastures.com/blog,23/Sep/2013,13:03:09
264,211.255.23.43,"['503', '913']",WordPress/3.0;,http://www.pssp.org/eng,23/Sep/2013,13:03:08
265,67.43.13.244,"['503', '913']",WordPress/3.6;,http://blog.aristadba.com,23/Sep/2013,13:03:09
266,184.168.193.77,"['503', '913']",WordPress/3.6;,http://www.elevatorworld.com/blogs,23/Sep/2013,13:03:08
267,82.165.139.53,"['503', '913']",WordPress/3.5.1;,http://chakra-project.es,23/Sep/2013,13:03:08
268,66.147.244.242,"['503', '913']",WordPress/3.5.1;,http://www.savenyclibraries.com,23/Sep/2013,13:03:08
269,128.59.171.39,"['503', '913']",WordPress/3.4.1;,http://www.sailpandora.com,23/Sep/2013,13:03:09
270,74.220.215.108,"['503', '913']",WordPress/3.5.1;,http://gnarlycarleigh.com,23/Sep/2013,13:03:09
271,97.74.24.23,"['503', '913']",WordPress/3.5.1;,http://wp.pistolsandpopcorn.com,23/Sep/2013,13:03:09
272,209.236.71.82,"['503', '913']",WordPress/3.5.1;,http://startwithuniverse.com,23/Sep/2013,13:03:08
273,97.74.24.23,"['503', '913']",WordPress/3.5.1;,http://wp.pistolsandpopcorn.com,23/Sep/2013,13:03:09
274,72.249.106.68,"['503', '913']",WordPress/3.5.2;,http://www.thirdculturemama.com,23/Sep/2013,13:03:08
275,66.155.8.88,"['503', '913']",WordPress/3.7-alpha-25157;,http://engageinnovate.wordpress.com,23/Sep/2013,13:03:09
276,72.51.24.224,"['503', '913']",WordPress/3.5.1;,http://blog.glenfraser.com,23/Sep/2013,13:03:09
277,69.167.155.13,"['503', '913']",WordPress/3.1;,http://www.bannernews.net/blog,23/Sep/2013,13:03:09
278,66.135.60.79,"['503', '913']",WordPress/3.4.1;,http://mrduncan.global2.vic.edu.au,23/Sep/2013,13:03:09
279,75.127.252.243,"['503', '913']",WordPress/3.5.1;,http://shortfuse.org,23/Sep/2013,13:03:09
280,94.126.40.140,"['503', '913']",WordPress/3.4.2;,http://www.emmakinsey.com,23/Sep/2013,13:03:09
281,94.231.101.88,"['503', '913']",WordPress/3.6.1;,http://blog.mariadenmark.com,23/Sep/2013,13:03:09
282,209.235.204.197,"['503', '913']",WordPress/3.5.1;,http://www.imsglobal.org/blog,23/Sep/2013,13:03:08
283,72.167.159.3,"['503', '913']",WordPress/3.5;,http://livingthemartialarts.com,23/Sep/2013,13:03:09
284,72.167.131.144,"['503', '913']",WordPress/3.6;,http://sidelinemp.com/wordpress,23/Sep/2013,13:03:09
285,213.251.189.205,"['503', '913']",WordPress/3.5.1;,http://www.girlsandgeeks.com,23/Sep/2013,13:03:09
286,41.204.202.51,"['503', '913']",WordPress/3.4.2;,http://www.stevebekker.co.za,23/Sep/2013,13:03:09
287,94.8.191.159,"['503', '913']",WordPress/3.5.2;,http://takumahabu.com,23/Sep/2013,13:03:09
288,77.75.214.15,"['503', '913']",WordPress/3.2.1;,http://cathinthecity.com,23/Sep/2013,13:03:09
289,184.154.224.12,"['503', '913']",WordPress/3.5.1;,http://www.tutoringvermont.org,23/Sep/2013,13:03:09
290,208.113.184.221,"['503', '913']",WordPress/3.6.1;,http://clarkbw.net/blog,23/Sep/2013,13:03:08
291,66.155.8.72,"['503', '913']",WordPress/3.7-alpha-25157;,http://casalemedia.wordpress.com,23/Sep/2013,13:03:09
292,208.112.9.37,"['503', '913']",WordPress/3.5.1;,http://boodahjoomusic.com/blog,23/Sep/2013,13:03:09
293,69.163.225.185,"['503', '913']",WordPress/3.6.1;,http://www.thehtc.ca,23/Sep/2013,13:03:09
294,74.208.16.160,"['503', '913']",WordPress/3.6.1;,http://sneakercon.com,23/Sep/2013,13:03:09
295,69.72.241.122,"['503', '913']",WordPress/3.6;,http://nancyriemer.com,23/Sep/2013,13:03:09
296,68.144.181.61,"['503', '913']",WordPress/3.6.1;,http://www.dalescott.net/wordpress,23/Sep/2013,13:03:09
297,66.248.200.164,"['503', '913']",WordPress/3.6;,http://cockroachalley.com,23/Sep/2013,13:03:09
298,67.192.46.14,"['503', '913']",WordPress/3.5.2;,http://www.theradrecruiter.com,23/Sep/2013,13:03:09
299,184.168.193.38,"['503', '913']",WordPress/3.6.1;,http://kenbaylor.org/wordpress,23/Sep/2013,13:03:09
300,74.220.215.107,"['503', '913']",WordPress/2.8;,http://sexton-interactive.com/blog,23/Sep/2013,13:03:09
301,81.169.144.135,"['503', '913']",WordPress/3.6.1;,http://aifs2.pvdveen.net,23/Sep/2013,13:03:09
302,66.147.244.162,"['503', '913']",WordPress/3.4.1;,http://www.lawrenceperson.com,23/Sep/2013,13:03:09
303,77.75.252.233,"['503', '913']",WordPress/3.5.1;,http://blog.metaclassofnil.com,23/Sep/2013,13:03:09
304,75.119.205.52,"['503', '913']",WordPress/3.6.1;,http://dianantruong.com,23/Sep/2013,13:03:09
305,72.9.144.70,"['503', '913']",WordPress/3.6.1;,http://www.v2.itn.lk,23/Sep/2013,13:03:09
306,192.241.223.230,"['503', '913']",WordPress/3.6.1;,http://daniel.morrione.net,23/Sep/2013,13:03:09
307,69.72.241.122,"['503', '913']",WordPress/3.6;,http://nancyriemer.com,23/Sep/2013,13:03:09
308,212.90.148.52,"['503', '913']",WordPress/3.6;,http://indienerds.com/wordpress,23/Sep/2013,13:03:09
309,69.195.124.126,"['503', '913']",WordPress/4618;,http://artworks.arts.gov,23/Sep/2013,13:03:09
310,199.188.204.94,"['503', '913']",WordPress/3.6.1;,http://ikidgadgets.com/wp,23/Sep/2013,13:03:09
311,173.201.196.160,"['503', '913']",WordPress/3.4.2;,http://firemiketannenbaum.com,23/Sep/2013,13:03:09
312,79.170.40.163,"['503', '913']",WordPress/3.2.1;,http://www.the-crews.co.uk,23/Sep/2013,13:03:09
313,67.43.13.244,"['503', '913']",WordPress/3.6;,http://blog.aristadba.com,23/Sep/2013,13:03:09
314,50.56.163.40,"['503', '913']",WordPress/3.3.2;,http://blazeon.org,23/Sep/2013,13:03:09
315,94.136.40.100,"['503', '913']",WordPress/3.5.1;,http://www.disordermagazine.com,23/Sep/2013,13:03:09
316,69.65.40.165,"['503', '913']",WordPress/3.6.1;,http://www.strokersdallas.com,23/Sep/2013,13:03:09
317,66.249.24.247,"['503', '913']",WordPress/3.0.1;,http://www.womensrightswithoutfrontiers.org/blog,23/Sep/2013,13:03:09
318,184.173.147.234,"['503', '913']",WordPress/3.6.1;,http://carmenbranje.com/wordpress,23/Sep/2013,13:03:09
319,173.255.224.233,"['503', '913']",WordPress/3.6;,http://hfunderground.com/blog,23/Sep/2013,13:03:10
320,66.96.183.2,"['503', '913']",WordPress/3.5.2;,http://www.isledejeancharles.com/news,23/Sep/2013,13:03:09
321,97.74.24.139,"['503', '913']",WordPress/3.5.1;,http://goldengatedrift.com/blog,23/Sep/2013,13:03:09
322,72.10.38.129,"['503', '913']",WordPress/3.5.1;,http://demo.joomshaper.com/wordpress/mybiz,23/Sep/2013,13:03:09
323,66.135.48.167,"['503', '913']",WordPress/3.7-alpha-25157;,http://gcardblog.wordpress.com,23/Sep/2013,13:03:09
324,97.79.236.254,"['503', '913']",WordPress/3.3.2;,http://sanluisobispofamilycourt.com,23/Sep/2013,13:03:10
325,140.211.15.195,"['503', '913']",WordPress/3.6;,http://www.hhvm.com/blog,23/Sep/2013,13:03:10
326,108.60.199.190,"['503', '913']",WordPress/3.4.2;,http://blog.themprinter.com,23/Sep/2013,13:03:09
327,97.74.215.122,"['503', '913']",WordPress/3.6;,http://mybirthcompanion.com/resources,23/Sep/2013,13:03:09
328,69.163.216.73,"['503', '913']",WordPress/3.6;,http://americashorsedaily.com,23/Sep/2013,13:03:10
329,81.19.187.39,"['503', '913']",WordPress/3.5.2;,http://danhamilton.co.uk/blog,23/Sep/2013,13:03:09
330,173.201.216.37,"['503', '913']",WordPress/3.6.1;,http://www.stopsoldiersuicide.org/wordpress,23/Sep/2013,13:03:09
331,174.132.194.194,"['503', '913']",WordPress/3.1.3;,http://terryfostersblog.com,23/Sep/2013,13:03:09
332,209.237.244.211,"['503', '913']",WordPress/3.5.1;,http://www.talkinginparagraphs.com,23/Sep/2013,13:03:10
333,75.119.221.253,"['503', '913']",WordPress/3.6.1;,http://www.tcnjmagazine.com,23/Sep/2013,13:03:10
334,213.251.189.205,"['503', '913']",WordPress/3.5.1;,http://www.girlsandgeeks.com,23/Sep/2013,13:03:10
335,50.62.74.206,"['503', '913']",WordPress/3.6;,http://www.osundefender.org,23/Sep/2013,13:03:10
336,46.4.100.115,"['503', '913']",WordPress/3.6;,http://sh1.elshmal.com,23/Sep/2013,13:03:10
337,192.241.223.230,"['503', '913']",WordPress/3.6.1;,http://daniel.morrione.net,23/Sep/2013,13:03:10
338,72.32.36.158,"['503', '913']",WordPress/3.6;,http://drhyman.com,23/Sep/2013,13:03:10
339,81.180.113.50,"['503', '913']",WordPress/3.4.2;,http://rationalsoftware.ro,23/Sep/2013,13:03:10
340,82.165.139.53,"['503', '913']",WordPress/3.5.1;,http://chakra-project.es,23/Sep/2013,13:03:10
341,68.178.254.56,"['503', '913']",WordPress/3.6.1;,http://floridainnocence.org/content,23/Sep/2013,13:03:10
342,74.208.180.165,"['503', '913']",WordPress/3.5.2;,http://gbenudu.com,23/Sep/2013,13:03:10
343,128.237.157.57,"['503', '913']",WordPress/3.1.3;,http://www.contrib.andrew.cmu.edu/~ryanod,23/Sep/2013,13:03:10
344,64.90.52.169,"['503', '913']",WordPress/3.6.1;,http://www.millerandmike.com,23/Sep/2013,13:03:10
345,50.87.144.130,"['503', '913']",WordPress/3.4.2;,http://terryaley.com,23/Sep/2013,13:03:10
346,74.203.238.179,"['503', '913']",WordPress/3.2.1;,http://blogs.democratandchronicle.com/webster,23/Sep/2013,13:03:10
347,81.180.113.50,"['503', '913']",WordPress/3.4.2;,http://rationalsoftware.ro,23/Sep/2013,13:03:10
348,69.163.164.36,"['503', '913']",WordPress/3.5.1;,http://www.crandonpl.org,23/Sep/2013,13:03:10
349,199.58.81.229,"['503', '913']",WordPress/3.4.2;,http://www.ffq.qc.ca,23/Sep/2013,13:03:10
350,64.111.127.183,"['503', '913']",WordPress/3.6.1;,http://www.mightylittlelibrarian.com,23/Sep/2013,13:03:10
351,67.192.46.6,"['503', '913']",WordPress/3.5;,http://analytics-lab.tessella.com,23/Sep/2013,13:03:10
352,146.186.149.139,"['503', '913']",WordPress/3.6.1;,http://sites.psu.edu/librarynews,23/Sep/2013,13:03:10
353,64.191.50.218,"['503', '913']",WordPress/3.6.1;,http://www.cocorioko.net,23/Sep/2013,13:03:10
354,80.82.113.174,"['503', '913']",WordPress/3.0;,http://www.davidcoxon.com/run,23/Sep/2013,13:03:10
355,173.201.196.55,"['503', '913']",WordPress/3.4.2;,http://jawzoflife.com/blog,23/Sep/2013,13:03:09
356,176.32.230.9,"['503', '913']",WordPress/3.2.1;,http://www.storagebod.com/wordpress,23/Sep/2013,13:03:10
357,97.74.144.179,"['503', '913']",WordPress/3.0;,http://kentscountrycookies.com/blog,23/Sep/2013,13:03:10
358,81.95.6.55,"['503', '913']",WordPress/3.0.4;,http://daemonkeeper.net,23/Sep/2013,13:03:10
359,66.147.240.98,"['503', '913']",WordPress/2.8.4;,http://www.metazen.ca,23/Sep/2013,13:03:10
360,184.168.46.206,"['503', '913']",WordPress/3.6.1;,http://wn3.ca,23/Sep/2013,13:03:10
361,18.181.0.235,"['503', '913']",WordPress/3.5;,http://mercurypolicy.scripts.mit.edu/blog,23/Sep/2013,13:03:10
362,184.168.193.22,"['503', '913']",WordPress/3.5.1;,http://veronicaandersonrn.com,23/Sep/2013,13:03:10
363,74.52.107.50,"['503', '913']",WordPress/3.5.2;,http://www.unionvilletimes.com,23/Sep/2013,13:03:10
364,80.69.76.125,"['503', '913']",WordPress/3.3.1;,http://macumbista.net,23/Sep/2013,13:03:10
365,69.195.124.71,"['503', '913']",WordPress/3.5.2;,http://www.newdadtimes.com,23/Sep/2013,13:03:10
366,108.175.9.219,"['503', '913']",WordPress/3.5.1;,http://www.faganshavenbnb.com/blog,23/Sep/2013,13:03:10
367,66.135.48.141,"['503', '913']",WordPress/3.7-alpha-25157;,http://newarksriver.wordpress.com,23/Sep/2013,13:03:10
368,50.63.197.233,"['503', '913']",WordPress/3.6;,http://www.dragon-a-day.com,23/Sep/2013,13:03:10
369,209.235.204.197,"['503', '913']",WordPress/3.5.1;,http://www.imsglobal.org/blog,23/Sep/2013,13:03:10
370,97.74.24.139,"['503', '913']",WordPress/3.5.1;,http://goldengatedrift.com/blog,23/Sep/2013,13:03:10
371,199.79.62.227,"['503', '913']",WordPress/3.5.1;,http://thegoaproject.com/blog,23/Sep/2013,13:03:10
372,173.255.224.233,"['503', '913']",WordPress/3.6;,http://hfunderground.com/blog,23/Sep/2013,13:03:10
373,66.249.24.247,"['503', '913']",WordPress/3.0.1;,http://www.womensrightswithoutfrontiers.org/blog,23/Sep/2013,13:03:10
374,184.168.46.2,"['503', '913']",WordPress/3.1.1;,http://projectonethirty.com,23/Sep/2013,13:03:10
375,193.202.110.182,"['503', '913']",WordPress/3.6.1;,http://salaanmedia.com,23/Sep/2013,13:03:10
376,76.74.255.91,"['503', '913']",WordPress/3.7-alpha-25157;,http://newarksriver.wordpress.com,23/Sep/2013,13:03:10
377,101.0.112.7,"['503', '913']",WordPress/3.5;,http://debsedso.com,23/Sep/2013,13:03:10
378,205.196.220.113,"['503', '913']",WordPress/3.6;,http://www.battlegrip.com,23/Sep/2013,13:03:10
379,205.237.127.167,"['503', '913']",WordPress/3.2.1;,http://www.gavelgrab.org,23/Sep/2013,13:03:10
380,209.17.114.78,"['503', '913']",WordPress/3.6;,http://www.toucan.ae/news,23/Sep/2013,13:03:10
381,205.251.135.202,"['503', '913']",WordPress/3.5.2;,http://www.wizdommusic.com/news,23/Sep/2013,13:03:10
382,99.198.124.194,"['503', '913']",WordPress/3.6.1;,http://www.delano.com/blog,23/Sep/2013,13:03:10
383,173.254.28.45,"['503', '913']",WordPress/3.1;,http://brewvana.net,23/Sep/2013,13:03:10
384,50.63.197.111,"['503', '913']",WordPress/3.5.1;,http://westernmomentum.ca,23/Sep/2013,13:03:11
385,50.97.99.190,"['503', '913']",WordPress/3.6.1;,http://unofficialalpine.com,23/Sep/2013,13:03:10
386,50.87.144.197,"['503', '913']",WordPress/3.4.2;,http://mixturesrx.com/blog,23/Sep/2013,13:03:09
387,188.121.41.178,"['503', '913']",WordPress/3.6;,http://www.ishabaydhaba.com,23/Sep/2013,13:03:11
388,208.109.78.31,"['503', '913']",WordPress/3.6;,http://www.ossv.org/wordpress,23/Sep/2013,13:03:11
389,69.195.124.97,"['503', '913']",WordPress/3.6.1;,http://bionicteaching.com,23/Sep/2013,13:03:11
390,199.96.156.80,"['503', '913']",WordPress/3.0;,http://jagthundetraening.hundemotivation.dk/blog,23/Sep/2013,13:03:11
391,50.56.163.40,"['503', '913']",WordPress/3.3.2;,http://blazeon.org,23/Sep/2013,13:03:10
392,203.170.85.168,"['503', '913']",WordPress/3.6.1;,http://blog.jamzarwebdesign.com.au,23/Sep/2013,13:03:11
393,142.4.38.98,"['503', '913']",WordPress/3.6;,http://caithatescake.com,23/Sep/2013,13:03:11
394,68.178.254.56,"['503', '913']",WordPress/3.6.1;,http://floridainnocence.org/content,23/Sep/2013,13:03:11
395,69.89.31.160,"['503', '913']",WordPress/3.6;,http://www.acomfortablesoul.com/blog,23/Sep/2013,13:03:11
396,80.237.133.69,"['503', '913']",WordPress/3.6;,http://www.sensorgraphy.net,23/Sep/2013,13:03:11
397,69.163.136.160,"['503', '913']",WordPress/3.1.2;,http://www.jennyphillips.com,23/Sep/2013,13:03:11
398,66.249.24.247,"['503', '913']",WordPress/3.0.1;,http://www.womensrightswithoutfrontiers.org/blog,23/Sep/2013,13:03:11
399,74.52.107.50,"['503', '913']",WordPress/3.5.2;,http://www.unionvilletimes.com,23/Sep/2013,13:03:11
400,64.90.52.17,"['503', '913']",WordPress/3.4.2;,http://www.palettesnatick.com,23/Sep/2013,13:03:11
401,94.8.191.159,"['503', '913']",WordPress/3.5.2;,http://takumahabu.com,23/Sep/2013,13:03:11
402,173.201.216.43,"['503', '913']",WordPress/3.5.2;,http://radiodanan.net,23/Sep/2013,13:03:11
403,208.97.133.16,"['503', '913']",WordPress/3.5.1;,http://3cmusic.com/home,23/Sep/2013,13:03:11
404,66.147.244.154,"['503', '913']",WordPress/3.3.2;,http://www.humanitywinsilluminatilose.com,23/Sep/2013,13:03:11
405,208.113.198.125,"['503', '913']",WordPress/3.6.1;,http://markwaid.com,23/Sep/2013,13:03:10
406,188.121.41.6,"['503', '913']",WordPress/3.5.1;,http://thesidemount.com,23/Sep/2013,13:03:11
407,88.191.122.7,"['503', '913']",WordPress/3.5.2;,http://blog.securactive.net,23/Sep/2013,13:03:11
408,208.112.9.37,"['503', '913']",WordPress/3.5.1;,http://boodahjoomusic.com/blog,23/Sep/2013,13:03:11
409,67.205.61.122,"['503', '913']",WordPress/3.6.1;,http://www.writerlyhaphazardry.net,23/Sep/2013,13:03:11
410,83.80.131.124,"['503', '913']",WordPress/3.4.2;,http://drunk-n-disorderly.com,23/Sep/2013,13:03:11
411,198.101.248.198,"['503', '913']",WordPress/3.4.2;,http://careerfuel.net,23/Sep/2013,13:03:11
412,66.147.244.79,"['503', '913']",WordPress/3.6.1;,http://www.muchlove.org,23/Sep/2013,13:03:11
413,66.96.183.2,"['503', '913']",WordPress/3.5.2;,http://www.isledejeancharles.com/news,23/Sep/2013,13:03:11
414,69.61.45.228,"['503', '913']",WordPress/3.6;,http://dont-tread-on.me,23/Sep/2013,13:03:11
415,67.205.2.242,"['503', '913']",WordPress/3.6.1;,http://www.fayewebster.com,23/Sep/2013,13:03:11
416,178.63.14.147,"['503', '913']",WordPress/3.6.1;,http://www.brancaleoni.com/blog,23/Sep/2013,13:03:11
417,192.241.223.230,"['503', '913']",WordPress/3.6.1;,http://daniel.morrione.net,23/Sep/2013,13:03:11
418,76.74.255.73,"['503', '913']",WordPress/3.7-alpha-25157;,http://enndeakin.wordpress.com,23/Sep/2013,13:03:11
419,199.188.204.94,"['503', '913']",WordPress/3.6.1;,http://ikidgadgets.com/wp,23/Sep/2013,13:03:11
420,74.220.215.105,"['503', '913']",WordPress/3.5.1;,http://www.awakeyet.com,23/Sep/2013,13:03:11
421,66.96.183.8,"['503', '913']",WordPress/3.6.1;,http://appletvblog.ru,23/Sep/2013,13:03:11
422,108.175.6.57,"['503', '913']",WordPress/3.5.1;,http://spcitytimes.com,23/Sep/2013,13:03:11
423,67.205.24.241,"['503', '913']",WordPress/3.6.1;,http://www.whatishappeninginistanbul.com,23/Sep/2013,13:03:11
424,64.13.192.40,"['503', '913']",WordPress/3.3;,http://naturalborntravellers.com,23/Sep/2013,13:03:11
425,67.192.46.12,"['503', '913']",WordPress/3.5.2;,http://iowntheworld.com/blog,23/Sep/2013,13:03:11
426,173.254.28.45,"['503', '913']",WordPress/3.1;,http://brewvana.net,23/Sep/2013,13:03:11
427,85.158.180.102,"['503', '913']",WordPress/3.6.1;,http://winfig.com,23/Sep/2013,13:03:11
428,129.121.178.221,"['503', '913']",WordPress/3.5.1;,http://www.benzilla.com,23/Sep/2013,13:03:11
429,66.96.183.86,"['503', '913']",WordPress/3.6.1;,http://www.foamcasualty.com,23/Sep/2013,13:03:11
430,74.52.107.50,"['503', '913']",WordPress/3.5.2;,http://www.unionvilletimes.com,23/Sep/2013,13:03:11
431,184.168.46.105,"['503', '913']",WordPress/3.6.1;,http://thecontrariancorner.com,23/Sep/2013,13:03:11
432,208.113.184.221,"['503', '913']",WordPress/3.6.1;,http://clarkbw.net/blog,23/Sep/2013,13:03:11
433,184.168.152.79,"['503', '913']",WordPress/3.1.4;,http://27blueballoons.com,23/Sep/2013,13:03:11
434,66.135.60.79,"['503', '913']",WordPress/3.4.1;,http://mrduncan.global2.vic.edu.au,23/Sep/2013,13:03:11
435,192.185.4.45,"['503', '913']",WordPress/3.4.2;,http://ebek-rdcd.gov.bd/blog,23/Sep/2013,13:03:11
436,74.52.155.18,"['503', '913']",WordPress/3.5.2;,http://mixedmoods.co.uk,23/Sep/2013,13:03:11
437,108.175.6.57,"['503', '913']",WordPress/3.5.1;,http://spcitytimes.com,23/Sep/2013,13:03:11
438,66.135.48.167,"['503', '913']",WordPress/3.7-alpha-25157;,http://cambridgeesolde.wordpress.com,23/Sep/2013,13:03:11
439,89.151.72.46,"['503', '913']",WordPress/3.3.2;,http://www.bohomoth.com,23/Sep/2013,13:03:11
440,67.205.2.110,"['503', '913']",WordPress/3.6.1;,http://onlineclassestips.com,23/Sep/2013,13:03:11
441,66.96.183.8,"['503', '913']",WordPress/3.6.1;,http://appletvblog.ru,23/Sep/2013,13:03:11
442,67.205.62.157,"['503', '913']",WordPress/3.0.1;,http://www.dwightdunlop.com,23/Sep/2013,13:03:11
443,5.102.184.5,"['503', '913']",WordPress/3.5.1;,http://www.diningwithoutborders.com,23/Sep/2013,13:03:11
444,54.226.116.241,"['503', '913']",WordPress/3.5.2;,http://theavettbrothers.umg-wp.com,23/Sep/2013,13:03:11
445,64.235.229.12,"['503', '913']",WordPress/3.6.1;,http://theknockoutproject.org/wp,23/Sep/2013,13:03:11
446,184.168.193.48,"['503', '913']",WordPress/3.6.1;,http://tarrantfederation.org/wordpress,23/Sep/2013,13:03:11
447,66.155.38.26,"['503', '913']",WordPress/3.7-alpha-25157;,http://funwithcole.wordpress.com,23/Sep/2013,13:03:11
448,94.231.101.88,"['503', '913']",WordPress/3.6.1;,http://blog.mariadenmark.com,23/Sep/2013,13:03:11
449,66.135.48.198,"['503', '913']",WordPress/3.7-alpha-25157;,http://annaraimondo.wordpress.com,23/Sep/2013,13:03:11
450,208.112.113.157,"['503', '913']",WordPress/3.5.1;,http://www.justanothersoldier.com,23/Sep/2013,13:03:11
451,50.116.2.40,"['503', '913']",WordPress/3.5.1;,http://whoisowenjones.com/blog,23/Sep/2013,13:03:11
452,188.121.41.178,"['503', '913']",WordPress/3.6;,http://www.ishabaydhaba.com,23/Sep/2013,13:03:11
453,97.74.198.204,"['503', '913']",WordPress/3.5.1;,http://docsabine.com,23/Sep/2013,13:03:11
454,69.167.181.227,"['503', '913']",WordPress/3.5;,http://www.morehouseplace.com,23/Sep/2013,13:03:12
455,208.112.9.37,"['503', '913']",WordPress/3.5.1;,http://boodahjoomusic.com/blog,23/Sep/2013,13:03:12
456,97.74.24.215,"['503', '913']",WordPress/3.6.1;,http://undead-earth.com/wordpress,23/Sep/2013,13:03:11
457,80.82.113.174,"['503', '913']",WordPress/3.0;,http://www.davidcoxon.com/run,23/Sep/2013,13:03:11
458,208.109.181.70,"['503', '913']",WordPress/3.3.2;,http://www.pearlatcommerce.com,23/Sep/2013,13:03:11
459,108.175.154.221,"['503', '913']",WordPress/3.6.1;,http://www.atangledweb.org,23/Sep/2013,13:03:12
460,195.20.222.29,"['503', '913']",WordPress/3.3.2;,http://www.archapprentices.co.uk,23/Sep/2013,13:03:12
461,97.74.144.179,"['503', '913']",WordPress/3.0;,http://kentscountrycookies.com/blog,23/Sep/2013,13:03:11
462,96.126.114.56,"['503', '913']",WordPress/3.2.1;,http://www.mantisbt.org/blog,23/Sep/2013,13:03:12
463,67.225.137.217,"['503', '913']",WordPress/3.5.1;,http://meganhollingsworth.com,23/Sep/2013,13:03:12
464,93.114.65.81,"['503', '913']",WordPress/3.6.1;,http://sunetesubsol.ro,23/Sep/2013,13:03:12
465,209.87.224.175,"['503', '913']",WordPress/3.4.2;,http://www.chemistrymatters.ca,23/Sep/2013,13:03:12
466,50.16.211.167,"['503', '913']",WordPress/3.5.1;,http://blogs.publishersweekly.com/blogs/ListenUp,23/Sep/2013,13:03:12
467,67.205.45.169,"['503', '913']",WordPress/3.6.1;,http://formosahut.com/blog,23/Sep/2013,13:03:12
468,108.59.11.107,"['503', '913']",WordPress/3.5.1;,http://pixelsea.biz,23/Sep/2013,13:03:12
469,66.96.183.90,"['503', '913']",WordPress/3.5.2;,http://www.amybites.com,23/Sep/2013,13:03:12
470,105.236.240.252,"['503', '913']",WordPress/3.6.1;,http://www.xstore.co.za/wordpress,23/Sep/2013,13:03:12
471,37.139.18.243,"['503', '913']",WordPress/3.6.1;,http://ryanteck.org.uk,23/Sep/2013,13:03:12
472,67.205.62.157,"['503', '913']",WordPress/3.0.1;,http://www.dwightdunlop.com,23/Sep/2013,13:03:12
473,50.23.23.2,"['503', '913']",WordPress/3.6.1;,http://thisainthell.us/blog,23/Sep/2013,13:03:12
474,75.119.217.123,"['503', '913']",WordPress/3.6.1;,http://www.balatsibuyas.com,23/Sep/2013,13:03:12
475,66.147.244.247,"['503', '913']",WordPress/3.6;,http://www.expathell.com,23/Sep/2013,13:03:12
476,137.208.3.216,"['503', '913']",-,,23/Sep/2013,13:03:12
477,74.220.215.116,"['503', '913']",WordPress/3.5.1;,http://www.nomoregreed.com,23/Sep/2013,13:03:12
478,173.254.28.89,"['503', '913']",WordPress/3.6.1;,http://timkastelle.org,23/Sep/2013,13:03:12
479,184.173.73.183,"['503', '913']",WordPress/3.5.1;,http://rotoprofessor.com/football,23/Sep/2013,13:03:12
480,208.109.181.178,"['503', '913']",WordPress/3.5.1;,http://ktrskateboardschool.com/Blog,23/Sep/2013,13:03:12
481,64.90.55.37,"['503', '913']",WordPress/3.6.1;,http://www.vegas24seven.com,23/Sep/2013,13:03:12
482,195.20.225.12,"['503', '913']",WordPress/3.5.1;,http://kimberleybartholomew.com/wordpress,23/Sep/2013,13:03:12
483,64.90.52.17,"['503', '913']",WordPress/3.4.2;,http://www.palettesnatick.com,23/Sep/2013,13:03:12
484,46.249.204.222,"['503', '913']",WordPress/3.6.1;,http://www.daily-mail.co.zm,23/Sep/2013,13:03:12
485,68.178.254.56,"['503', '913']",WordPress/3.6.1;,http://floridainnocence.org/content,23/Sep/2013,13:03:11
486,168.62.225.20,"['503', '913']",WordPress/3.5.2;,http://scripthappens.azurewebsites.net,23/Sep/2013,13:03:12
487,69.65.40.165,"['503', '913']",WordPress/3.6.1;,http://www.strokersdallas.com,23/Sep/2013,13:03:12
488,216.120.236.37,"['503', '913']",WordPress/3.5.1;,http://maxwellhansen.com/blog,23/Sep/2013,13:03:12
489,69.27.103.7,"['503', '913']",WordPress/3.5.1;,http://gall.ca,23/Sep/2013,13:03:12
490,41.204.202.51,"['503', '913']",WordPress/3.4.2;,http://www.stevebekker.co.za,23/Sep/2013,13:03:12
491,208.146.35.3,"['503', '913']",WordPress/3.5;,http://torontominecraft.site.nfoservers.com/wordpress,23/Sep/2013,13:03:12
492,103.17.132.35,"['503', '913']",WordPress/3.4.2;,http://www.library.ipswich.qld.gov.au,23/Sep/2013,13:03:12
493,97.74.198.204,"['503', '913']",WordPress/3.5.1;,http://docsabine.com,23/Sep/2013,13:03:12
494,64.90.52.159,"['503', '913']",WordPress/3.6.1;,http://carolsnotebook.com,23/Sep/2013,13:03:12
495,208.113.181.215,"['503', '913']",WordPress/3.5.1;,http://offthekuff.com/wp,23/Sep/2013,13:03:12
496,69.195.80.221,"['503', '913']",WordPress/3.6.1;,http://b2.broom9.com,23/Sep/2013,13:03:12
497,97.74.24.23,"['503', '913']",WordPress/3.5.1;,http://wp.pistolsandpopcorn.com,23/Sep/2013,13:03:12
498,74.126.5.225,"['503', '913']",WordPress/2.9.2;,http://www.amray.com/blog,23/Sep/2013,13:03:12
499,66.147.244.154,"['503', '913']",WordPress/3.3.2;,http://www.humanitywinsilluminatilose.com,23/Sep/2013,13:03:12
500,182.50.130.189,"['503', '913']",WordPress/3.6;,http://truebook.org,23/Sep/2013,13:03:12
501,141.0.23.203,"['503', '913']",WordPress/3.6.1;,http://www.matrix44.net/blog,23/Sep/2013,13:03:12
502,217.199.165.105,"['503', '913']",WordPress/2.8.4;,http://www.fitfaqs.co.uk/blog,23/Sep/2013,13:03:12
503,208.113.163.178,"['503', '913']",WordPress/3.6.1;,http://www.rgmoulding.com,23/Sep/2013,13:03:12
504,146.255.34.16,"['503', '913']",WordPress/3.5.1;,http://placespourtous.com,23/Sep/2013,13:03:12
505,216.15.166.170,"['503', '913']",WordPress/3.3.2;,http://evisthrive.com/blog,23/Sep/2013,13:03:12
506,80.82.113.174,"['503', '913']",WordPress/3.0;,http://www.davidcoxon.com/run,23/Sep/2013,13:03:12
507,69.163.170.78,"['503', '913']",WordPress/3.6.1;,http://www.verbal-sid.com,23/Sep/2013,13:03:12
508,64.111.127.183,"['503', '913']",WordPress/3.6.1;,http://www.somvinil.com.br,23/Sep/2013,13:03:12
509,50.63.196.71,"['503', '913']",WordPress/3.5.1;,http://caitlinburke.siuc.me,23/Sep/2013,13:03:13
510,97.74.215.37,"['503', '913']",WordPress/3.5.1;,http://morethanmultimedia.com/blog,23/Sep/2013,13:03:12
511,64.27.10.6,"['503', '913']",WordPress/2.8.4;,http://mecca.barbaravictor.com,23/Sep/2013,13:03:12
512,50.22.104.181,"['503', '913']",WordPress/3.6.1;,http://www.healthintersections.com.au,23/Sep/2013,13:03:12
513,66.185.31.230,"['503', '913']",WordPress/3.3;,http://berkeleyreporter.com,23/Sep/2013,13:03:12
514,208.113.180.207,"['503', '913']",WordPress/3.5;,http://www.petersenhotels.com,23/Sep/2013,13:03:12
515,67.205.61.122,"['503', '913']",WordPress/3.6.1;,http://www.writerlyhaphazardry.net,23/Sep/2013,13:03:12
516,184.168.152.79,"['503', '913']",WordPress/3.1.4;,http://27blueballoons.com,23/Sep/2013,13:03:12
517,50.116.58.175,"['503', '913']",WordPress/3.5.1;,http://readydock.net,23/Sep/2013,13:03:13
518,217.149.52.105,"['503', '913']",WordPress/3.5.1;,http://andreasromar.fi,23/Sep/2013,13:03:12
519,69.73.140.59,"['503', '913']",WordPress/3.6;,http://www.fatbackdiet.com,23/Sep/2013,13:03:12
520,46.235.47.132,"['503', '913']",WordPress/3.6.1;,http://deniska.nl,23/Sep/2013,13:03:13
521,108.60.199.190,"['503', '913']",WordPress/3.4.2;,http://blog.themprinter.com,23/Sep/2013,13:03:12
522,173.199.147.84,"['503', '913']",WordPress/3.4.1;,http://localpastures.com/blog,23/Sep/2013,13:03:12
523,72.51.24.224,"['503', '913']",WordPress/3.5.1;,http://blog.glenfraser.com,23/Sep/2013,13:03:11
524,184.168.152.171,"['503', '913']",WordPress/3.6.1;,http://comicbookclublive.com,23/Sep/2013,13:03:12
525,76.163.252.93,"['503', '913']",WordPress/3.5.2;,http://thevoterupdate.com/jones,23/Sep/2013,13:03:12
526,208.97.133.16,"['503', '913']",WordPress/3.5.1;,http://3cmusic.com/home,23/Sep/2013,13:03:13
527,128.39.102.143,"['503', '913']",WordPress/3.5.1;,http://www.rocketrange.no/40am,23/Sep/2013,13:03:13
528,205.236.95.21,"['503', '913']",WordPress/3.5;,http://micromedia.vaniercollege.qc.ca/home/s6101197/vibe,23/Sep/2013,13:03:13
529,66.135.48.150,"['503', '913']",WordPress/3.7-alpha-25157;,http://funwithcole.wordpress.com,23/Sep/2013,13:03:13
530,209.87.224.175,"['503', '913']",WordPress/3.4.2;,http://www.chemistrymatters.ca,23/Sep/2013,13:03:13
531,198.57.247.218,"['503', '913']",WordPress/3.4.2;,http://teenweb.nashvillepubliclibrary.org,23/Sep/2013,13:03:13
532,173.208.236.229,"['503', '913']",WordPress/3.5.1;,http://ieshan.com,23/Sep/2013,13:03:13
533,91.184.18.50,"['503', '913']",WordPress/3.5.1;,http://sociedia.com,23/Sep/2013,13:03:13
534,199.19.112.28,"['503', '913']",WordPress/3.5.2;,http://www.current.org,23/Sep/2013,13:03:13
535,184.168.193.61,"['503', '913']",WordPress/3.5.1;,http://metroshorespropertymanagement.com,23/Sep/2013,13:03:13
536,72.32.36.156,"['503', '913']",WordPress/3.6.1;,http://www.blackbelt3group.com,23/Sep/2013,13:03:13
537,205.196.220.113,"['503', '913']",WordPress/3.6;,http://www.battlegrip.com,23/Sep/2013,13:03:13
538,85.17.150.103,"['503', '913']",WordPress/3.5.1;,http://www.lessfs.com/wordpress,23/Sep/2013,13:03:13
539,64.111.102.194,"['503', '913']",WordPress/3.6.1;,http://www.mmxcs.com,23/Sep/2013,13:03:13
540,74.204.188.228,"['503', '913']",WordPress/3.6.1;,http://chiro.org/wordpress,23/Sep/2013,13:03:13
541,66.147.240.98,"['503', '913']",WordPress/2.8.4;,http://www.metazen.ca,23/Sep/2013,13:03:13
542,208.113.162.235,"['503', '913']",-,,23/Sep/2013,13:03:12
543,192.232.200.220,"['503', '913']",WordPress/3.5.1;,http://www.bryantriangle.com,23/Sep/2013,13:03:13
544,199.223.214.34,"['503', '913']",WordPress/3.6;,http://www.obheal.ie/blog,23/Sep/2013,13:03:13
545,155.246.15.5,"['503', '913']",WordPress/3.5.1;,http://www.stevens.edu/stsblog,23/Sep/2013,13:03:13
546,140.211.15.195,"['503', '913']",WordPress/3.6;,http://www.hhvm.com/blog,23/Sep/2013,13:03:13
547,173.201.196.55,"['503', '913']",WordPress/3.4.2;,http://jawzoflife.com/blog,23/Sep/2013,13:03:13
548,173.201.196.98,"['503', '913']",WordPress/3.6;,http://cathyunruh.com/blog,23/Sep/2013,13:03:13
549,74.204.188.228,"['503', '913']",WordPress/3.6.1;,http://chiro.org/wordpress,23/Sep/2013,13:03:13
550,74.203.238.179,"['503', '913']",WordPress/3.2.1;,http://blogs.democratandchronicle.com/webster,23/Sep/2013,13:03:13
551,74.220.215.244,"['503', '913']",WordPress/3.6.1;,http://themes.wpbox.net/bolid,23/Sep/2013,13:03:13
552,173.201.196.221,"['503', '913']",WordPress/3.6.1;,http://blog.colecago.com,23/Sep/2013,13:03:13
553,50.116.2.40,"['503', '913']",WordPress/3.5.1;,http://whoisowenjones.com/blog,23/Sep/2013,13:03:13
554,174.120.152.98,"['503', '913']",WordPress/3.1;,http://www.danielkong.ca,23/Sep/2013,13:03:13
555,74.208.16.23,"['503', '913']",WordPress/3.5.2;,http://dismuke.org/blog,23/Sep/2013,13:03:13
556,66.147.242.151,"['503', '913']",WordPress/3.5.1;,http://www.starktreks.com,23/Sep/2013,13:03:13
557,50.87.144.19,"['503', '913']",WordPress/3.1.4;,http://moviecultists.com,23/Sep/2013,13:03:13
558,184.168.27.197,"['503', '913']",WordPress/3.6.1;,http://atheiststoday.com/blogs/reapercussions,23/Sep/2013,13:03:13
559,66.96.183.86,"['503', '913']",WordPress/3.6.1;,http://www.foamcasualty.com,23/Sep/2013,13:03:13
560,64.90.55.213,"['503', '913']",WordPress/3.5.1;,http://www.steppir.com,23/Sep/2013,13:03:13
561,216.177.0.76,"['503', '913']",WordPress/3.5.1;,http://www.ataturk.org,23/Sep/2013,13:03:13
562,50.63.197.164,"['503', '913']",WordPress/3.6.1;,http://meganthomason.com,23/Sep/2013,13:03:13
563,74.207.251.137,"['503', '913']",WordPress/3.5.2;,http://vedahille.com,23/Sep/2013,13:03:13
564,216.201.128.7,"['503', '913']",WordPress/3.5;,http://www.theleadernews.com,23/Sep/2013,13:03:13
565,130.185.84.2,"['503', '913']",WordPress/3.2.1;,http://www.gerirepoupar.com/jovens,23/Sep/2013,13:03:13
566,142.4.38.98,"['503', '913']",WordPress/3.6;,http://caithatescake.com,23/Sep/2013,13:03:13
567,184.154.225.8,"['503', '913']",WordPress/3.3.2;,http://diglitny.org/blog,23/Sep/2013,13:03:13
568,69.163.225.185,"['503', '913']",WordPress/3.6.1;,http://www.thehtc.ca,23/Sep/2013,13:03:13
